{
    "$schema": "https://schema.management.azure.com/schemas/2019-04-01/deploymentTemplate.json#",
    "contentVersion": "1.0.0.0",
    "parameters": {
        "containerName": {
            "type": "string",
            "defaultValue": "content-analysis-api",
            "metadata": {
                "description": "Name for the container"
            }
        },
        "imageName": {
            "type": "string",
            "defaultValue": "contentanalysisacr.azurecr.io/content-analysis-fastapi:latest",
            "metadata": {
                "description": "Container image name"
            }
        },
        "dnsNameLabel": {
            "type": "string",
            "metadata": {
                "description": "DNS name label for the container instance"
            }
        },
        "registryUsername": {
            "type": "string",
            "metadata": {
                "description": "Registry username"
            }
        },
        "registryPassword": {
            "type": "securestring",
            "metadata": {
                "description": "Registry password"
            }
        },
        "location": {
            "type": "string",
            "defaultValue": "[resourceGroup().location]",
            "metadata": {
                "description": "Location for all resources"
            }
        }
    },
    "variables": {},
    "resources": [
        {
            "type": "Microsoft.ContainerInstance/containerGroups",
            "apiVersion": "2021-03-01",
            "name": "[parameters('containerName')]",
            "location": "[parameters('location')]",
            "properties": {
                "containers": [
                    {
                        "name": "[parameters('containerName')]",
                        "properties": {
                            "image": "[parameters('imageName')]",
                            "ports": [
                                {
                                    "port": 8000,
                                    "protocol": "TCP"
                                }
                            ],
                            "environmentVariables": [
                                {
                                    "name": "PYTHONUNBUFFERED",
                                    "value": "1"
                                }
                            ],
                            "resources": {
                                "requests": {
                                    "cpu": 2,
                                    "memoryInGB": 4
                                }
                            }
                        }
                    }
                ],
                "osType": "Linux",
                "restartPolicy": "Always",
                "imageRegistryCredentials": [
                    {
                        "server": "contentanalysisacr.azurecr.io",
                        "username": "[parameters('registryUsername')]",
                        "password": "[parameters('registryPassword')]"
                    }
                ],
                "ipAddress": {
                    "type": "Public",
                    "ports": [
                        {
                            "port": 8000,
                            "protocol": "TCP"
                        }
                    ],
                    "dnsNameLabel": "[parameters('dnsNameLabel')]"
                }
            }
        }
    ],
    "outputs": {
        "containerIPv4Address": {
            "type": "string",
            "value": "[reference(resourceId('Microsoft.ContainerInstance/containerGroups/', parameters('containerName'))).ipAddress.ip]"
        },
        "containerFQDN": {
            "type": "string",
            "value": "[reference(resourceId('Microsoft.ContainerInstance/containerGroups/', parameters('containerName'))).ipAddress.fqdn]"
        }
    }
}
